transaction_id,branch_id,city,amount,transaction_status,transaction_date
transaction_id,branch_id,city,0,transactio,
TXN102959,CHBR03,Chennai,1886.52,FAILED,2025-04-30
TXN120163,CHBR01,Chennai,9387.57,FAILED,2025-05-04
TXN157952,MUBR01,Mumbai,544.44,FAILED,2025-05-06
TXN159914,CHBR01,Chennai,9465.99,FAILED,2025-05-06
TXN169357,CHBR01,Chennai,4563.94,FAILED,2025-05-06
TXN180309,CHBR02,Chennai,7381.83,FAILED,2025-05-02
TXN182921,CHBR05,Chennai,4904.96,FAILED,2025-05-05
TXN184101,CHBR03,Chennai,5987.5,FAILED,2025-05-03
TXN204961,CHBR02,Chennai,6152.64,FAILED,2025-05-03
TXN207281,CHBR01,Chennai,7708.4,FAILED,2025-04-30
TXN232158,CHBR01,Chennai,7926.88,FAILED,2025-05-05
TXN235845,CHBR04,Chennai,5891.49,FAILED,2025-05-03
TXN240858,CHBR04,Chennai,1374.62,FAILED,2025-05-03
TXN240877,MUBR03,Mumbai,2351.43,FAILED,2025-05-03
TXN242025,CHBR01,Chennai,480.98,FAILED,2025-05-05
TXN248459,MUBR01,Mumbai,8328.33,FAILED,2025-05-06
TXN263010,MUBR01,Mumbai,8422.07,FAILED,2025-04-30
TXN281593,CHBR02,Chennai,319.38,FAILED,2025-04-30
TXN283827,CHBR02,Chennai,5879.08,FAILED,2025-05-04
TXN289549,CHBR03,Chennai,3228.43,FAILED,2025-04-30
TXN294008,CHBR03,Chennai,9013.86,FAILED,2025-05-01
TXN301993,MUBR03,Mumbai,546.76,FAILED,2025-05-04
TXN309302,MUBR01,Mumbai,9341.65,FAILED,2025-05-01
TXN311810,CHBR01,Chennai,2058.76,FAILED,2025-05-05
TXN317413,MUBR04,Mumbai,4558.55,FAILED,2025-05-03
TXN351460,CHBR04,Chennai,8109.4,FAILED,2025-05-04
TXN352201,CHBR01,Chennai,4392.25,FAILED,2025-05-05
TXN361059,MUBR01,Mumbai,5600.22,FAILED,2025-04-30
TXN367147,CHBR01,Chennai,1614.32,FAILED,2025-05-01
TXN368571,MUBR04,Mumbai,5998.54,FAILED,2025-05-05
TXN379924,CHBR02,Chennai,8994.77,FAILED,2025-05-05
TXN389341,CHBR03,Chennai,4487.19,FAILED,2025-05-03
TXN393389,CHBR04,Chennai,2213.37,FAILED,2025-04-30
TXN414495,MUBR03,Mumbai,683.82,FAILED,2025-05-05
TXN418771,MUBR01,Mumbai,6704.49,FAILED,2025-05-05
TXN435522,CHBR03,Chennai,6672.85,FAILED,2025-04-30
TXN449848,MUBR01,Mumbai,3518.78,FAILED,2025-05-06
TXN458373,MUBR04,Mumbai,8068.24,FAILED,2025-05-01
TXN463139,CHBR04,Chennai,4742.37,FAILED,2025-05-05
TXN465912,CHBR01,Chennai,5188.66,FAILED,2025-05-04
TXN474479,CHBR05,Chennai,2557.26,FAILED,2025-05-01
TXN488615,MUBR03,Mumbai,6743.37,FAILED,2025-05-02
TXN502396,MUBR04,Mumbai,2793.87,FAILED,2025-05-03
TXN525956,MUBR03,Mumbai,2452.95,FAILED,2025-04-30
TXN526659,CHBR03,Chennai,6165.61,FAILED,2025-04-30
TXN539707,MUBR03,Mumbai,1636.8,FAILED,2025-05-06
TXN565055,CHBR05,Chennai,7203.12,FAILED,2025-05-06
TXN568743,CHBR02,Chennai,747.33,FAILED,2025-05-01
TXN569149,CHBR01,Chennai,2357.66,FAILED,2025-05-06
TXN575290,CHBR01,Chennai,915.77,FAILED,2025-05-01
TXN582661,CHBR03,Chennai,9006.05,FAILED,2025-05-03
TXN588220,MUBR04,Mumbai,4259.69,FAILED,2025-05-03
TXN609817,MUBR03,Mumbai,7465.57,FAILED,2025-05-04
TXN618517,CHBR04,Chennai,2902.32,FAILED,2025-05-05
TXN621344,CHBR04,Chennai,5513.43,FAILED,2025-05-01
TXN628219,CHBR02,Chennai,5939.25,FAILED,2025-05-06
TXN632123,CHBR03,Chennai,4155.18,FAILED,2025-05-02
TXN643840,CHBR03,Chennai,7152.78,FAILED,2025-04-30
TXN658026,CHBR05,Chennai,3238.52,FAILED,2025-05-04
TXN667661,MUBR01,Mumbai,6621.3,FAILED,2025-05-06
TXN671040,MUBR01,Mumbai,4683.04,FAILED,2025-05-04
TXN729255,CHBR03,Chennai,5789.17,FAILED,2025-05-06
TXN729283,CHBR05,Chennai,3366.42,FAILED,2025-05-06
TXN795621,CHBR01,Chennai,7474.19,FAILED,2025-05-04
TXN799539,MUBR03,Mumbai,8825.07,FAILED,2025-05-05
TXN832519,MUBR01,Mumbai,1988.7,FAILED,2025-05-03
TXN841952,CHBR02,Chennai,8226.47,FAILED,2025-05-05
TXN846861,MUBR03,Mumbai,2341.88,FAILED,2025-05-02
TXN848494,CHBR02,Chennai,6035.23,FAILED,2025-05-05
TXN858652,CHBR02,Chennai,5865.81,FAILED,2025-04-30
TXN869457,MUBR04,Mumbai,499.06,FAILED,2025-05-01
TXN882719,CHBR04,Chennai,8546.98,FAILED,2025-05-03
TXN887180,CHBR04,Chennai,4469.77,FAILED,2025-04-30
TXN890824,MUBR04,Mumbai,8668,FAILED,2025-05-01
TXN895981,MUBR01,Mumbai,7308.03,FAILED,2025-05-02
TXN909426,MUBR04,Mumbai,2880.68,FAILED,2025-04-30
TXN923865,CHBR02,Chennai,7865.5,FAILED,2025-05-02
TXN924464,CHBR03,Chennai,2060.9,FAILED,2025-05-05
TXN928665,CHBR02,Chennai,4820.66,FAILED,2025-05-06
TXN929622,CHBR05,Chennai,5688.63,FAILED,2025-05-06
TXN933996,CHBR05,Chennai,6830.58,FAILED,2025-05-06
TXN934575,MUBR03,Mumbai,3578.02,FAILED,2025-05-06
TXN943117,CHBR02,Chennai,6853,FAILED,2025-05-03
TXN975490,CHBR04,Chennai,4648,FAILED,2025-04-30
TXN981277,CHBR05,Chennai,188.22,FAILED,2025-04-30